EMPLEADO_ID,SUPERVISOR_ID,ES_TUTOR,ES_TITULAR,EDAD,AP_PATERNO,AP_MATERNO,CURP,NOMBRE,FECHA_NACIMIENTO,RFC,TELEFONO,VETERINARIA_ID
1,1,0,1,43,Boor,Quilter,MAOW328787HMNSQDY,Bianka,28/04/2024,UGUW113961YS0,0589386319,21
2,,1,0,6,Sanja,Honeyghan,BQFK267997HMVQLGR,Faith,26/08/2023,FUXY657949BQ7,4101053103,18
3,3,1,0,48,Strutt,Schleicher,LMNQ362354HMACVYP,Arvy,13/03/2024,DTWU323892HT8,4503428070,39
4,,1,0,38,Sumption,Python,LIIZ901780HMSAHZZ,Gordan,17/02/2024,NGDK448950OQ8,3683747353,34
5,,1,1,99,Broggio,Blunn,NBFV608211HMCVTEE,Trixie,15/02/2024,TDED353417BO9,8852337026,13
6,6,1,1,58,Rouchy,Sibery,SJCR892159HMJQJMT,Ginelle,30/06/2023,JGYT220707ME1,3409677131,36
7,,1,0,60,Narbett,Durrans,INZS019357HMQCXEK,Blanche,19/05/2024,BLSE619482LT0,9859085864,10
8,8,1,1,79,Aggas,Romans,NJMU871747HMSQMHU,Ric,06/01/2024,JVER199183HD0,0138207603,15
9,,0,1,83,Manginot,Brick,GFAT432479HMVTVTQ,Louise,27/02/2024,IRCE309775DH0,1702065620,0
10,,0,0,32,Alesi,De Vaux,TKGL984776HMRAOPF,Revkah,12/09/2023,CYJS747871XG2,0809975756,33
11,11,0,1,9,Broker,Stiles,AILU595220HMJACET,Corny,20/09/2023,SUYE993109QJ8,2904748433,4
12,,1,0,28,Kareman,Spearett,OIUI780045HMPWQVS,Serene,28/11/2023,NOJR175038CX5,6179031729,13
13,,0,0,47,Kneeland,Snoddin,UCRZ398974HMDDZRS,Corella,10/12/2023,SSZB270000LU0,2565146038,35
14,14,1,0,31,Moreside,Reignolds,GVTN043941HMWPCKS,Renato,17/12/2023,YNEA447286IX0,4094867427,29
15,,0,1,87,Crier,Fulmen,PGTT687653HMGQJXS,Thorvald,09/07/2023,ABSK266196FB6,4689534066,35
16,,0,1,83,Wollaston,Bayfield,KICN483735HMGAYKD,Sigvard,16/10/2023,FVLQ156223GM6,2918386759,36
17,,1,0,62,McCarter,McKimmie,MDDE272392HMDYHUN,Zorina,22/04/2024,YJKQ760110EW7,1159641930,2
18,,0,1,4,MacCook,Stede,QKVN323895HMIFLWZ,Stuart,13/12/2023,DIGV557170EV5,0384394270,13
19,19,0,1,33,Tohill,Acom,VGKP593949HMHEKMH,Alric,29/10/2023,WYIR044621RM7,2345670305,32
20,20,1,0,64,Carnihan,Licquorish,RSIP670463HMPFWAL,Ashla,19/09/2023,AXCZ806248MS1,5806831039,29
21,,1,0,23,Huckleby,Le Grand,LLVP455224HMAJJVC,Valentia,03/01/2024,ZRTQ598537QE1,1400260122,5
22,,1,1,11,Hars,Denizet,ECQV724138HMYSYWH,Ania,12/04/2024,TOVK513865OR4,3655695206,34
23,,1,0,65,Cescot,Newberry,PRNC019922HMLLUUZ,Kearney,21/07/2023,FCSQ917584XG9,7718841800,30
24,,1,1,11,Meatcher,Hancell,WBSK265664HMILBIP,Fae,12/05/2024,CTTP326459YF4,2713298154,31
25,,1,1,36,Fredi,Dionisii,UKRI667814HMSBPAW,Field,10/06/2023,FXEH450432EN6,2305786226,6
26,,0,1,58,Middleton,Tucknott,ZAHY787551HMBQNJO,Sibeal,02/07/2023,MUNY798118DX7,5756623101,31
27,,0,1,43,Botly,Vispo,ANER831199HMDMRAL,Jilleen,19/09/2023,GIOG410966ZY7,1214130647,6
28,,1,1,64,Sewter,Gauld,AKGM364222HMSZAAF,Dale,30/07/2023,FTRB382604QG4,5090130798,10
29,,1,0,11,Skakunas,McMychem,UWOB197182HMAWNHU,Miran,25/05/2024,OSDZ598844TX0,7276884492,23
30,,0,0,5,Rojahn,Clapshaw,LLRC753555HMSSDOZ,Urbano,03/02/2024,NOQH414782RA0,0483779073,16
31,,0,0,52,de Mendoza,Hiers,OYTK310614HMSREYZ,Rodger,28/02/2024,AVSE247828OB1,1178970624,37
32,,0,0,44,D'Alesio,MacLise,HDTW289182HMXYIFM,Meris,26/12/2023,IJXJ415930XC3,8488453498,30
33,,1,0,2,Bohling,Ends,EGRL475666HMACYWM,Kippie,08/05/2024,ZTDG778978PE9,8041695872,6
34,,0,0,14,Hayles,Carles,DFVW698976HMXWEIB,Liz,31/08/2023,MOVD761113DH5,6129708737,18
35,,0,0,54,Corsar,Minchella,OJPD038588HMFTHVU,Garvy,05/01/2024,SCKE351725AL6,3541552210,1
36,,0,0,34,Van Daalen,Burtt,VYSU352985HMHHUUI,Farlay,19/06/2023,YXCG508454IM3,6331255799,32
37,,1,0,43,Trevena,Petracco,DLCD667591HMASQLN,Herc,16/06/2023,MFDX483428RV4,3125456862,2
38,,0,0,55,Gosney,Thynne,KNRN714026HMOZMIE,Kara,16/07/2023,HGAM330114GB5,2463085925,18
39,39,0,0,36,Berrycloth,Stamps,EMNT122154HMJUYQC,Lacee,09/02/2024,YAVY978541LQ9,6585134153,6
40,,0,0,24,McGurgan,Skettles,ZADA697321HMMYMXX,Dorine,29/05/2024,JWXE696902ZJ6,0513415824,11
41,41,1,0,45,Messiter,Shmyr,PEIP336423HMDCGNA,Twyla,09/04/2024,GGXZ481389BJ1,1644235251,18
42,,0,0,10,Dagger,Challice,MUYA894210HMCMLLP,Shamus,11/07/2023,NTVU885147NI9,3778926990,32
43,,1,1,12,Twoohy,Boxhill,PGFD917053HMOEDDF,Jeno,18/03/2024,SSMW798192EY9,8803050403,25
44,44,0,1,79,Davidovich,Berthome,YBGI415317HMBIKYU,Jeniffer,07/01/2024,GBTS828408LA4,2349304909,29
45,45,1,1,97,Bovaird,Culwen,VHAJ282568HMZJIAS,Leela,29/05/2024,YJPI870641DS9,4702210513,35
46,,1,0,70,Jellard,Over,AWRT427807HMTTIVM,Amble,10/12/2023,BMRU532058EV9,8446180028,22
47,,0,1,50,Wincott,Richemont,MVQA334214HMHFQME,Nixie,07/04/2024,BRTN534788AE5,1220172322,22
48,,1,1,77,Wycliff,Tingle,TSCC492982HMUGFTL,Fabien,07/03/2024,RUKC859662PQ3,4776508771,34
49,,0,1,36,Hamerton,Wyd,VZVH244018HMANNZP,Isidora,17/05/2024,QMMA353399ND5,5432207742,26
50,,0,0,4,Klousner,Petricek,WPTH810727HMEDBMH,Giuseppe,27/03/2024,PQXD060473FZ1,6287179079,22
51,,1,0,6,Medlar,Penwright,HBRW509317HMRSJUQ,Dorothea,11/12/2023,QFXM901746ZF8,7470489422,22
52,,0,0,87,Clemont,Brookfield,BYTI573432HMIVSOG,Lucille,28/10/2023,HMUZ795998OL3,8926790275,18
53,,1,1,13,Swan,Alton,KWGM680023HMDKROQ,Bethany,10/09/2023,ZYPH085549GF6,3487380397,13
54,54,0,1,91,Valdes,Aulton,FQXM717856HMSDVBY,Zilvia,20/06/2023,RDHE007999JR9,8791317756,3
55,,0,0,45,Linneman,Fortesquieu,FZAK762603HMUTJSL,Raimund,08/09/2023,KHRA920901HS1,5048630221,17
56,56,0,1,52,Yakovlev,Levinge,NGBY884669HMMSZCW,Demetra,26/04/2024,UDDE285529VO3,6931803459,13
57,,0,0,69,Croyden,Pontefract,FVGL834977HMEHDXM,Efrem,12/08/2023,PBEL098790UK7,9743914753,6
58,58,1,0,84,Panichelli,Bonnyson,IXWB818290HMRRQXW,Karrie,14/01/2024,JBMJ784609QC7,2528299928,9
59,,1,0,35,Whittock,Cadalleder,DTVP279083HMWHVEH,Babs,04/08/2023,TIIK874060ZQ2,0873823610,29
60,,1,1,4,Marien,Coursor,GCTW870060HMZZQNI,Tailor,25/06/2023,LVGX524996TE8,0798414014,23
61,,1,1,44,MacGiffin,Dracksford,YJGJ214101HMVLBQS,Juliette,04/08/2023,IAZJ332084JB6,5158178905,27
62,,0,0,91,Haccleton,Andrieu,BXFJ350847HMUIMAY,Roarke,20/04/2024,JJPT252326LR7,9691493076,26
63,63,0,1,74,Lampe,Bullan,EPHL898868HMOJALE,Tam,02/12/2023,AAGE808250JZ5,3593169918,18
64,,0,1,70,Axell,Hilldrup,LTXM449009HMIHDZD,Gretal,13/08/2023,CETF786052ZI2,9817987331,23
65,,0,0,15,Penhale,O'Suaird,CRHZ347461HMUYKOS,Moll,10/03/2024,QCYJ437104GW1,2472608146,23
66,66,1,1,96,Goldspink,Bonaire,YNWS611717HMRXUHD,Madelina,26/07/2023,WLTU378864FJ3,6883971709,11
67,,0,0,67,Jeannel,Trahear,BAQT967233HMVAMMH,Michel,06/09/2023,WYWM603480TP5,5969557566,11
68,68,1,0,40,Hadwick,Boullen,UXRL800835HMVXNSL,Florance,29/04/2024,ZRMR987592IZ1,2627595208,9
69,,0,1,59,Ricca,Scrowson,CEQM603290HMUDUZP,Virgina,19/04/2024,WSXR117941DL9,9125575574,21
70,,1,1,15,Meiningen,Lemmanbie,UCCF706297HMTFLFQ,Baily,12/08/2023,ROAV742077PU8,9003208780,32
71,,0,0,39,Leckenby,Cecil,NPSW521716HMOTIJW,Renard,22/10/2023,BXRK168283KV0,5745069347,8
72,,0,1,31,Levane,Fellis,GUTO887852HMHVMSW,Ira,01/07/2023,NWDP760698XU1,6089954848,19
73,,0,1,7,Watt,McGraw,ZVTC339068HMECFJM,Moss,27/07/2023,FSLG842704AY9,1440853946,28
74,74,0,0,13,Krammer,Warriner,IEDV641195HMOQYNN,Berni,31/08/2023,QQPC986063NM9,4619731397,18
75,,0,1,6,Scotfurth,Douthwaite,SSOA317017HMXZKSI,Iain,24/12/2023,XXOD978350OH1,5669374310,5
76,,0,0,100,Hearfield,Rylstone,KPUE358301HMKKWUL,Ludwig,03/10/2023,RQZP586587KB0,9824520669,31
77,,0,1,29,Joscelyne,Rayhill,WWLI244207HMMCNGR,Sher,14/05/2024,YVCE698334IS3,5493196495,14
78,,1,1,30,Scarf,Spawforth,IWHO364288HMBWQNI,Geneva,15/02/2024,ZCVH293286UZ7,6827416050,15
79,79,1,1,86,Fabb,Aitken,CLUB546634HMIWNFC,Thane,28/07/2023,EZSZ332947CD0,0914452364,28
80,80,1,1,32,Cowp,Axton,BDKJ470589HMGUXLN,Ryann,08/07/2023,VTPM456848SE7,5927442187,9
81,,0,0,42,Sandry,Wildin,CYWP906182HMFAJAV,Vera,01/07/2023,GWGZ418232XI8,2235484299,4
82,,0,1,43,Berling,Saiz,LXNV958612HMMMAVI,Agneta,20/02/2024,LKQD114922MV1,4316730354,27
83,83,1,1,20,Grannell,Hanrahan,WYQF800712HMMVGSO,Glynnis,15/04/2024,WCNT657294HG1,8130630588,2
84,84,0,1,2,Richten,Longstreeth,ZCMW235988HMJTLNB,Glori,09/12/2023,ZODG827566TP0,0268199611,36
85,,1,1,45,Corse,Scougal,WKCK271051HMASRKI,Gillian,04/11/2023,JDPJ301657JU2,8423752013,22
86,,1,1,74,Cammomile,Sturte,UASG196572HMCFPUQ,Percival,07/07/2023,HSAA573050KU4,6408460281,22
87,87,0,1,16,Tisor,Giddins,HFVG780847HMKLYEN,Hynda,05/07/2023,NQRT227720SO6,3839205725,36
88,88,1,1,37,Besson,Squelch,GPVE519646HMKZDMH,Wes,24/05/2024,KFUT077004LQ1,6948639408,10
89,,0,1,63,Sperring,Gorini,CARM187719HMQNRSW,Lilly,17/07/2023,WVPE060284FN0,0527099186,36
90,,0,1,7,Barlthrop,Mahood,AITE319571HMUXMZM,Gawain,08/04/2024,ISUV103551AQ9,1967144827,34
91,91,0,0,10,Dudny,Cockshutt,EPPT143653HMWJUQX,Hilliary,04/11/2023,JMFB446877VP4,2030445470,38
92,92,0,1,10,Matkovic,Lyenyng,WJYQ415795HMCSGFD,Clerc,15/08/2023,FZGL979250YI2,8685687834,11
93,,1,0,48,Rolse,Wandrich,KBKF558813HMNVXDF,Ambur,24/10/2023,OWXD477822JM2,2241792714,21
94,,0,0,45,Hammell,Wallington,BMJB406390HMMXYLM,Shina,26/06/2023,IPWI589855OM3,6436010737,39
95,,1,0,89,Everal,Hayton,GLOI415092HMQDDOY,Chick,05/11/2023,CRBW770519SW5,4894825112,1
96,,0,1,5,Pinor,Bagshawe,YCJA689967HMGCBSZ,Mateo,20/04/2024,DUZX133006WO6,9340668685,5
97,,1,1,97,Grigolli,Pogue,WOTC290025HMCKOWT,Klara,23/08/2023,CYTW252426BB6,3118128075,18
98,,1,1,19,Petre,Renne,HGXI364559HMRBUJX,Vaughn,16/08/2023,MYUR970982CF8,4744345172,33
99,,1,0,50,Codi,Hamblen,THZV311919HMILEER,Arvin,27/02/2024,ESNM819793ZH6,4669312226,7
100,,1,1,88,Terrans,Reinert,SLZH748658HMVGTBT,Ike,10/06/2023,OSUE455795CW3,2045827625,12
101,,1,1,93,Iwanczyk,Dumbare,LUND862229HMAFGIJ,Gail,17/08/2023,WWMN428609DF2,4048550478,38
102,,0,1,98,Weems,Witcherley,IDOM956154HMXRSZG,Minni,11/11/2023,SBDI895169DG1,0384719901,5
103,,1,1,50,Futcher,Fatkin,XCIE137116HMZAAON,Maureen,20/03/2024,TDFN382878FN9,6752031737,32
104,,0,1,42,Lago,Manjin,GHGN369785HMFXSOW,Ernest,06/04/2024,HHVO883335JI0,0533425518,7
105,105,1,1,10,Joyson,Dubock,GZDS594307HMUJSGP,Skipton,08/08/2023,ZSCK620326NF5,7122934151,11
106,,1,1,59,Buxcy,Matous,XSQS276807HMRJJEO,Gennifer,01/08/2023,QSLB322628HK9,3961438373,31
107,107,0,1,93,Siggins,Trasler,CVDJ006730HMLAGDW,Violante,06/03/2024,CKGA573158DQ1,5859679378,14
108,,1,0,88,de Guise,Maddick,NZKQ602675HMUILCL,Winna,15/03/2024,USOW533340WG3,6037512759,39
109,,1,0,64,Lorincz,Desorts,FOAZ326790HMMGCRR,Roman,21/08/2023,WSOM048841IP2,8291912925,20
110,,0,0,67,Whewill,Medeway,ZAZI482111HMONRFM,Domeniga,24/06/2023,PZQU519458ZB0,7619102586,36
111,,1,1,58,Danter,Low,MLZD904304HMXLKYE,Sherri,01/10/2023,QFCQ405419YV7,7430204428,1
112,112,0,0,60,Middle,Russ,WHZK921556HMIPWBE,Levi,28/04/2024,NDFB273991EX0,2502622376,32
113,,1,1,67,Derisley,Schimank,PMTA874180HMGHOIW,Janey,15/12/2023,FMGO610494OJ8,0306476671,15
114,,1,1,83,Umbert,O'Luney,XEYQ387506HMNTFZY,Illa,20/08/2023,MHQV010427DF1,2241397582,2
115,,0,1,36,Jewett,Bertelsen,NYJI034417HMXOOMG,Raimondo,21/12/2023,GECY657859RC9,7886727568,21
116,,0,1,64,Cleft,Leneham,LUMB557203HMGYYRF,Jammie,24/11/2023,RFSI858377JZ0,2931778876,39
117,,0,0,75,Rockey,L'Archer,CPXO744968HMNPBZX,Ryon,02/12/2023,OPVB090876WM9,3404732587,6
118,118,1,1,100,Langford,Standish,CZYG466979HMHQGRY,Andi,08/03/2024,IWSO099156ML9,4326449961,31
119,,0,1,57,Andrivel,Felder,IQKQ517621HMZNOUG,Bartholemy,15/06/2023,ZPVN459129XV8,8385793741,36
120,120,1,1,16,Totterdill,Clemow,HMWD637004HMDBBLR,Flemming,14/10/2023,HMOA672748DC2,1989089606,15
121,121,1,0,97,Jouanny,Roo,UVUE150505HMXMOUK,Diarmid,05/12/2023,PUTE704074BY5,7812037883,21
122,,0,1,94,Conichie,Maving,MPBC174355HMOULRN,Gayler,21/12/2023,LRDQ854384YY4,8694598799,34
123,,1,0,1,Elmer,Lowry,SJOL698712HMKRNTV,Chen,07/07/2023,BIMY349940SJ1,6319207631,1
124,,0,1,21,Kittless,Kenealy,DUTH100854HMBVOQC,Meris,07/04/2024,DEQF915903OF7,4618563593,30
125,,0,1,49,Bandiera,Causton,GRFM211776HMWJOYK,Valentijn,20/10/2023,YNDW869036LV4,4198702825,17
126,126,0,0,68,Burnie,Brimilcombe,VYPM619270HMFZPKR,Bertie,31/08/2023,DKKF615069SE2,8600819209,37
127,127,0,0,32,Mattia,Simmill,ISQP285105HMKDNEP,Jillane,19/07/2023,RRSI349815OA6,8813754351,37
128,,1,1,99,Knox,Alldred,UOKT862248HMBGDWJ,Boyd,26/08/2023,IACC797812WA2,0251240611,34
129,,1,0,15,Rambadt,Wiffler,IGKT738112HMGPSHK,Janean,11/10/2023,ASOX388844GT5,4477095014,15
130,,1,0,81,Duddell,Howsin,LNHO325977HMNYZZE,Isac,03/07/2023,TKNT370686TB5,6899370785,29
131,,0,0,48,MacCafferty,Dowglass,EWSL843014HMRTGKK,Oralie,02/08/2023,TGDN655442GH1,0225945217,33
132,,0,1,35,Kits,Mulholland,QYMB252858HMOSNPC,Eziechiele,25/11/2023,LSPT555348XB4,6515279639,35
133,133,1,0,6,Pincott,Bessent,AMZR634929HMXIJLE,Rubetta,27/05/2024,CJCA688828DJ9,1197000737,37
134,,1,1,60,Paeckmeyer,Leonardi,FBQX075744HMPEDUF,Willette,12/10/2023,RDCI227587NU2,0134822355,39
135,135,1,0,52,Joselson,Spennock,LNQN403433HMUNTFV,Ortensia,26/08/2023,LQGQ863196TB2,9016617726,17
136,,0,1,6,Comiam,Jacquemard,ZGXL924472HMKOJGI,Mella,08/11/2023,EUGW043192FZ8,8653734991,39
137,,0,1,49,Grubey,Cockman,AMHE494367HMTBVWL,Gertrude,14/07/2023,BPRL132760BQ2,4830604531,31
138,,1,1,65,Chiddy,Succamore,ELEW887233HMWDKTD,Gabi,24/06/2023,ADWM141007DM7,0464817358,22
139,139,0,1,89,White,Cattell,JTLT100645HMLTGKC,Britney,18/09/2023,YRIZ833055LI6,4860483120,36
140,,0,0,99,Bealton,Klauber,YXMD922355HMUCROE,Max,23/04/2024,NPOQ772305MD0,0067195865,30
141,,0,0,21,Readwing,Slaney,OCVL622424HMEEAAQ,Juditha,10/05/2024,JTAI629955YF8,7707207004,0
142,142,0,1,51,Balfe,Aspy,FSZU021240HMFJNON,Heidi,27/06/2023,NCNL213697FH7,8606093825,26
143,143,1,0,53,McClay,Vinden,WYPA069176HMYFGHJ,Shayne,04/06/2024,YHSH920382SF1,9353399545,24
144,,0,1,28,Reichartz,Faccini,SGYS942549HMTZAQH,Adolpho,07/05/2024,YJAR413616NA5,4067919223,3
145,,0,1,71,Ragsdall,Ventam,SHBB044841HMHNTWV,Delora,15/10/2023,ZIFK173355BG6,0029179708,25
146,146,0,1,44,Uc,Charrisson,OEAQ009499HMRSMPF,Muire,16/07/2023,BXIV764027NK6,3831450464,26
147,,0,1,99,Fuidge,Hansford,IXGE051369HMQPWIY,Lucias,17/08/2023,GYMR782246RE1,5564647394,29
148,148,0,0,33,Dohmann,Houseman,XUKR589645HMXVQDU,Leontyne,31/10/2023,VIFG956667RD3,7562412071,31
149,,1,0,46,Etherton,Pittock,COLH728105HMITMLD,Damita,23/11/2023,EJXT128161SE8,3419589759,4
150,,0,0,42,Gianni,Baddam,FFAA240801HMSYUFK,Georgeanne,11/04/2024,DHUW935850KZ6,9427176340,9
151,,1,1,44,Uzzell,Wishart,CFPA442624HMWUIVN,Gaby,13/02/2024,DPKT454699DG0,7461975704,2
152,152,1,1,50,Klossmann,Vequaud,NEJN474504HMWGZLP,Noelani,11/03/2024,DLQB538282OR8,1884973837,29
153,,1,0,79,Passby,Muck,GJZD904418HMVDSOE,Kerrie,24/02/2024,XQSG771685GH4,1020759670,0
154,,0,1,28,Wilcot,Andrioni,TJDO446367HMSTFRS,Palmer,10/04/2024,SRYW964404IJ0,2584127400,26
155,155,1,1,26,Innman,Edmonstone,GKNG228844HMPXDWH,Nicoline,04/12/2023,EEYC582525AC3,3124261271,17
156,,0,1,16,Wiggans,Vella,MUWF859102HMTLWNP,Daren,09/02/2024,ZBXB042488SS5,0520463962,28
157,157,1,0,42,Eliyahu,South,PBBS413477HMWRYSQ,Emlyn,23/04/2024,EMZM473658AD4,2152488500,18
158,,0,1,33,Laffranconi,Feechan,DYIB907951HMCELWF,Bertha,29/07/2023,TXTK464401SM4,4433896864,6
159,,0,1,98,Collishaw,McGookin,RBVS358702HMAWMHU,Madelon,29/05/2024,UVCG325983GD7,5336363624,32
160,160,1,0,85,Swinfon,Gibbetts,OJJI578438HMDVKTT,Berky,27/01/2024,ADPY812192VI6,1299738581,8
161,161,0,0,8,Alvarado,Morbey,SFNK413495HMPEQOU,Mureil,11/05/2024,IQIY441171RA5,3876316650,28
162,162,1,1,45,Brimblecombe,Southcombe,FATH549650HMKBZOB,Griffy,07/05/2024,RHAI372142SV3,1841424976,0
163,,1,0,10,Corbie,Caves,YENK923041HMOTLEO,Romola,29/08/2023,MODC252685PY1,7607167420,1
164,,0,1,63,Edis,Gomes,JBAI095061HMGPBSS,Bronnie,13/01/2024,LTXF501276CA5,7614659636,17
165,165,1,1,28,Golton,Leavy,SMDU044495HMCPYUO,Loutitia,09/04/2024,YPTG510233CR6,2032476325,4
166,166,1,0,70,Cottill,Aubri,UYGV419142HMEVJBZ,Robbie,25/11/2023,CLFT923417TT8,8711515744,26
167,,1,0,52,Angell,Strutt,INHU247051HMDCGSW,Muhammad,21/07/2023,FRDC861574ZN4,0503092647,5
168,,0,0,2,Frude,Clemmitt,TWFK970677HMNALYP,Adams,21/08/2023,COEC675960AT7,1778380225,30
169,,1,0,69,Flintoft,Rentoll,RLUQ740605HMQQGEE,Jacenta,10/07/2023,VYFU482995GD4,5528388453,0
170,,1,1,86,Huton,MacAloren,QGMP723910HMWTLNO,Clay,25/01/2024,CIHY352532ZC0,4521260253,17
171,171,0,1,68,Roskelly,O'Hengerty,VGTV091018HMIQCAK,Lynett,17/04/2024,MICA755654WO2,0686679819,24
172,,0,0,88,Peddar,Stoller,LXQE166439HMOFQQH,Salomon,21/05/2024,SQXG075466WI1,5766264525,14
173,,1,1,65,Matej,Comelli,ZSKX656435HMAYLAF,Denys,20/09/2023,PJYK339272BE8,7910600098,36
174,,1,0,10,Antyshev,Lyster,OJPL813522HMDFMOZ,Gilbertina,27/05/2024,JWQE528131SE3,0641616687,13
175,175,0,1,83,Robrose,Titchener,DFNR156828HMIKUBN,Roana,19/10/2023,GLXT804362NW5,7794018617,4
176,,1,0,81,Jeannequin,McGoon,AWPH261803HMTCYWN,Cele,24/07/2023,RGIM314289OS9,1164868004,21
177,177,0,0,87,Preddy,Glynn,AYHR156320HMTPGZR,Tanney,25/10/2023,XKDD613764EI7,7894485862,23
178,,1,1,96,Calver,Sanderson,FQUK165097HMIBUJA,Michaella,07/04/2024,TZJM590634EK9,3292984344,24
179,179,0,1,48,Jarrell,Ure,OAGT790104HMIYZOD,Ondrea,12/04/2024,OORF397199LS7,6901500721,20
180,,1,0,90,Brownlee,Petras,XAKU609007HMFCYJZ,Lucila,08/02/2024,MCOY945267IK2,0005805460,12
181,181,0,1,74,Izakov,Pottell,MGBL496150HMUSPDT,Adoree,10/07/2023,FRFB413319RE4,6726398839,30
182,,0,0,81,Gerard,Dalrymple,IONU815390HMYRTYL,Caesar,25/06/2023,EZEC019035UN0,8024692768,11
183,183,0,1,26,Meagh,Brunt,QPNG933772HMJGMOH,Remy,29/04/2024,GCOF703279LN7,9872295721,14
184,184,1,0,8,Clewlowe,Rowling,RJIX771042HMZTSLV,Tory,25/07/2023,AUYN902300NU0,0746069854,21
185,,0,0,61,Kopfen,Cometti,XMYN327430HMAEIJC,Lyell,08/06/2023,QIXV101812LG4,7762403761,31
186,,1,0,36,Lauderdale,Beckenham,CBEK975554HMABCTL,Tori,27/09/2023,SILJ211828CP2,8645537818,33
187,,1,1,39,Bycraft,Arton,JNRB163084HMARNXJ,Axe,21/08/2023,ZSVE188833XK6,5467438587,13
188,,0,0,15,Pattinson,Mitchelmore,JTUX862355HMMRXJY,Byrle,20/10/2023,YAEQ923778ZU8,6668765973,6
189,189,1,1,80,Glyn,Snyder,TMQG315085HMBSTGR,Monique,21/10/2023,OMBE604015XY3,5047344042,22
190,190,0,0,64,Grumley,Eardley,WTUV278335HMMFJGA,Marven,09/12/2023,GPVD847255EK7,1418426397,37
191,,1,1,14,Jotham,Dunmore,BNVE664171HMTWUSY,Obed,10/10/2023,ZKJA398330WM8,5697399200,35
192,,1,1,93,Mewett,Brettoner,QXWJ431747HMLSBMG,Pen,11/05/2024,SMNA205639QQ7,0349636778,0
193,193,1,0,10,Wharmby,Culkin,QUXZ003271HMYWMKR,Blaire,27/07/2023,COSO695522KO6,8518255325,36
194,,1,0,69,Gadson,Schooling,XCIZ666318HMPNRMP,Brander,10/03/2024,IRAZ239913TH2,2505473184,28
195,,1,0,37,Fiddian,Wisniewski,PRRL143942HMHSOWD,Jermayne,14/11/2023,ZOQL164738PJ4,8581115611,13
196,,0,0,18,Fairchild,Stansby,ZRZK909624HMDVOPE,Maure,02/11/2023,WYPS147075JX6,1290130809,33
197,,0,1,92,Bruyet,Petric,VIYK160535HMZEBKO,Neall,05/07/2023,RLKH965864CH0,8380343959,18
198,,0,0,61,Cakes,Syrett,IJRT336350HMODLVL,Augustine,31/05/2024,NJCW174958DT4,4887970761,26
199,199,0,1,46,Catonne,Flewett,NXWA818365HMAVXMV,Ludvig,29/05/2024,IRYR384934RH7,9152917903,8
200,200,0,1,75,Colliber,Maureen,JJPU654354HMFWLAL,Pauletta,14/12/2023,CWNR510078NA4,7885720565,33
